{"AttractionValue":-1.0,"ChangeType":0,"ChosenAt":"2024-07-22T02:36:25.6027298Z","ClusterID":"Architecture#ROOT","CandidateID":"org.springframework.samples.petclinic.repository.jdbc.JdbcPetRepositoryImpl"};
{"AttractionValue":-1.0,"ChangeType":1,"ChosenAt":"2024-07-22T02:36:25.656771Z","ClusterID":"Architecture#ROOT","CandidateID":"org.springframework.samples.petclinic.repository.jdbc.JdbcPetRepositoryImpl"};
{"AttractionValue":-1.0,"ChangeType":0,"ChosenAt":"2024-07-22T02:36:25.6578576Z","ClusterID":"util","CandidateID":"org.springframework.samples.petclinic.repository.jdbc.JdbcPetRepositoryImpl"};
{"AttractionValue":-1.0,"ChangeType":1,"ChosenAt":"2024-07-22T02:36:25.7098981Z","ClusterID":"util","CandidateID":"org.springframework.samples.petclinic.repository.jdbc.JdbcPetRepositoryImpl"};
{"AttractionValue":-1.0,"ChangeType":0,"ChosenAt":"2024-07-22T02:36:25.7114372Z","ClusterID":"util","CandidateID":"org.springframework.samples.petclinic.repository.jdbc.JdbcPetRepositoryImpl"};
{"AttractionValue":-1.0,"ChangeType":1,"ChosenAt":"2024-07-22T02:36:25.7641511Z","ClusterID":"util","CandidateID":"org.springframework.samples.petclinic.repository.jdbc.JdbcPetRepositoryImpl"};
{"AttractionValue":-1.0,"ChangeType":0,"ChosenAt":"2024-07-22T02:36:25.7646854Z","ClusterID":"util","CandidateID":"org.springframework.samples.petclinic.repository.jdbc.JdbcPetRepositoryImpl"};
{"AttractionValue":-1.0,"ChangeType":1,"ChosenAt":"2024-07-22T02:36:25.8159359Z","ClusterID":"util","CandidateID":"org.springframework.samples.petclinic.repository.jdbc.JdbcPetRepositoryImpl"};
{"AttractionValue":-1.0,"ChangeType":0,"ChosenAt":"2024-07-22T02:36:25.8180015Z","ClusterID":"util","CandidateID":"org.springframework.samples.petclinic.repository.jdbc.JdbcPetRepositoryImpl"};
{"AttractionValue":-1.0,"ChangeType":1,"ChosenAt":"2024-07-22T02:36:25.8727867Z","ClusterID":"util","CandidateID":"org.springframework.samples.petclinic.repository.jdbc.JdbcPetRepositoryImpl"};
{"AttractionValue":-1.0,"ChangeType":0,"ChosenAt":"2024-07-22T02:36:25.8744189Z","ClusterID":"util","CandidateID":"org.springframework.samples.petclinic.repository.jdbc.JdbcPetRepositoryImpl"};
{"AttractionValue":-1.0,"ChangeType":1,"ChosenAt":"2024-07-22T02:36:26.0245586Z","ClusterID":"util","CandidateID":"org.springframework.samples.petclinic.repository.jdbc.JdbcPetRepositoryImpl"};
{"AttractionValue":-1.0,"ChangeType":0,"ChosenAt":"2024-07-22T02:36:26.0255508Z","ClusterID":"util","CandidateID":"org.springframework.samples.petclinic.repository.jdbc.JdbcPetRepositoryImpl"};
{"AttractionValue":-1.0,"ChangeType":1,"ChosenAt":"2024-07-22T02:36:26.0588723Z","ClusterID":"util","CandidateID":"org.springframework.samples.petclinic.repository.jdbc.JdbcPetRepositoryImpl"};
{"AttractionValue":-1.0,"ChangeType":0,"ChosenAt":"2024-07-22T02:36:26.0598822Z","ClusterID":"util","CandidateID":"org.springframework.samples.petclinic.repository.jdbc.JdbcPetRepositoryImpl"};
{"AttractionValue":-1.0,"ChangeType":1,"ChosenAt":"2024-07-22T02:36:26.0945757Z","ClusterID":"util","CandidateID":"org.springframework.samples.petclinic.repository.jdbc.JdbcPetRepositoryImpl"};
{"AttractionValue":-1.0,"ChangeType":0,"ChosenAt":"2024-07-22T02:36:26.0945757Z","ClusterID":"util","CandidateID":"org.springframework.samples.petclinic.repository.jdbc.JdbcPetRepositoryImpl"};
{"AttractionValue":-1.0,"ChangeType":1,"ChosenAt":"2024-07-22T02:36:26.1266607Z","ClusterID":"util","CandidateID":"org.springframework.samples.petclinic.repository.jdbc.JdbcPetRepositoryImpl"};
{"AttractionValue":-1.0,"ChangeType":0,"ChosenAt":"2024-07-22T02:36:26.1276602Z","ClusterID":"util","CandidateID":"org.springframework.samples.petclinic.repository.jdbc.JdbcPetRepositoryImpl"};
{"AttractionValue":0.0,"ChangeType":0,"ChosenAt":"2024-07-22T02:36:28.1851924Z","ClusterID":"util","CandidateID":"org.springframework.samples.petclinic.repository.jdbc.JdbcVisitRowMapper"};
{"AttractionValue":-1.0,"ChangeType":1,"ChosenAt":"2024-07-22T02:36:28.2120065Z","ClusterID":"util","CandidateID":"org.springframework.samples.petclinic.repository.jdbc.JdbcVisitRowMapper"};
{"AttractionValue":-1.0,"ChangeType":0,"ChosenAt":"2024-07-22T02:36:28.2120065Z","ClusterID":"util","CandidateID":"org.springframework.samples.petclinic.repository.jdbc.JdbcVisitRowMapper"};
{"AttractionValue":-1.0,"ChangeType":1,"ChosenAt":"2024-07-22T02:36:28.2384114Z","ClusterID":"util","CandidateID":"org.springframework.samples.petclinic.repository.jdbc.JdbcVisitRowMapper"};
{"AttractionValue":-1.0,"ChangeType":0,"ChosenAt":"2024-07-22T02:36:28.2384114Z","ClusterID":"util","CandidateID":"org.springframework.samples.petclinic.repository.jdbc.JdbcVisitRowMapper"};
{"AttractionValue":-1.0,"ChangeType":1,"ChosenAt":"2024-07-22T02:36:28.2656606Z","ClusterID":"util","CandidateID":"org.springframework.samples.petclinic.repository.jdbc.JdbcVisitRowMapper"};
{"AttractionValue":-1.0,"ChangeType":0,"ChosenAt":"2024-07-22T02:36:28.2666744Z","ClusterID":"util","CandidateID":"org.springframework.samples.petclinic.repository.jdbc.JdbcVisitRowMapper"};
{"AttractionValue":-1.0,"ChangeType":1,"ChosenAt":"2024-07-22T02:36:28.2919534Z","ClusterID":"util","CandidateID":"org.springframework.samples.petclinic.repository.jdbc.JdbcVisitRowMapper"};
{"AttractionValue":-1.0,"ChangeType":0,"ChosenAt":"2024-07-22T02:36:28.2934723Z","ClusterID":"util","CandidateID":"org.springframework.samples.petclinic.repository.jdbc.JdbcVisitRowMapper"};
{"AttractionValue":-1.0,"ChangeType":1,"ChosenAt":"2024-07-22T02:36:28.3192931Z","ClusterID":"util","CandidateID":"org.springframework.samples.petclinic.repository.jdbc.JdbcVisitRowMapper"};
{"AttractionValue":-1.0,"ChangeType":0,"ChosenAt":"2024-07-22T02:36:28.3198171Z","ClusterID":"util","CandidateID":"org.springframework.samples.petclinic.repository.jdbc.JdbcVisitRowMapper"};
{"AttractionValue":-1.0,"ChangeType":1,"ChosenAt":"2024-07-22T02:36:28.3449509Z","ClusterID":"util","CandidateID":"org.springframework.samples.petclinic.repository.jdbc.JdbcVisitRowMapper"};
{"AttractionValue":-1.0,"ChangeType":0,"ChosenAt":"2024-07-22T02:36:28.3449509Z","ClusterID":"util","CandidateID":"org.springframework.samples.petclinic.repository.jdbc.JdbcVisitRowMapper"};
{"AttractionValue":-1.0,"ChangeType":1,"ChosenAt":"2024-07-22T02:36:28.3726155Z","ClusterID":"util","CandidateID":"org.springframework.samples.petclinic.repository.jdbc.JdbcVisitRowMapper"};
{"AttractionValue":-1.0,"ChangeType":0,"ChosenAt":"2024-07-22T02:36:28.3736064Z","ClusterID":"util","CandidateID":"org.springframework.samples.petclinic.repository.jdbc.JdbcVisitRowMapper"};
{"AttractionValue":-1.0,"ChangeType":1,"ChosenAt":"2024-07-22T02:36:28.4000725Z","ClusterID":"util","CandidateID":"org.springframework.samples.petclinic.repository.jdbc.JdbcVisitRowMapper"};
{"AttractionValue":-1.0,"ChangeType":0,"ChosenAt":"2024-07-22T02:36:28.4000725Z","ClusterID":"util","CandidateID":"org.springframework.samples.petclinic.repository.jdbc.JdbcVisitRowMapper"};
{"AttractionValue":-1.0,"ChangeType":1,"ChosenAt":"2024-07-22T02:36:28.4260709Z","ClusterID":"util","CandidateID":"org.springframework.samples.petclinic.repository.jdbc.JdbcVisitRowMapper"};
{"AttractionValue":-1.0,"ChangeType":0,"ChosenAt":"2024-07-22T02:36:28.4270143Z","ClusterID":"util","CandidateID":"org.springframework.samples.petclinic.repository.jdbc.JdbcVisitRowMapper"};
{"AttractionValue":-1.0,"ChangeType":1,"ChosenAt":"2024-07-22T02:36:28.4515557Z","ClusterID":"util","CandidateID":"org.springframework.samples.petclinic.repository.jdbc.JdbcVisitRowMapper"};
{"AttractionValue":-1.0,"ChangeType":0,"ChosenAt":"2024-07-22T02:36:28.4530755Z","ClusterID":"util","CandidateID":"org.springframework.samples.petclinic.repository.jdbc.JdbcVisitRowMapper"};
{"AttractionValue":-1.0,"ChangeType":1,"ChosenAt":"2024-07-22T02:36:28.4788406Z","ClusterID":"util","CandidateID":"org.springframework.samples.petclinic.repository.jdbc.JdbcVisitRowMapper"};
{"AttractionValue":-1.0,"ChangeType":0,"ChosenAt":"2024-07-22T02:36:28.4798433Z","ClusterID":"util","CandidateID":"org.springframework.samples.petclinic.repository.jdbc.JdbcVisitRowMapper"};
{"AttractionValue":-1.0,"ChangeType":1,"ChosenAt":"2024-07-22T02:36:28.5056364Z","ClusterID":"util","CandidateID":"org.springframework.samples.petclinic.repository.jdbc.JdbcVisitRowMapper"};
{"AttractionValue":-1.0,"ChangeType":0,"ChosenAt":"2024-07-22T02:36:28.5056364Z","ClusterID":"util","CandidateID":"org.springframework.samples.petclinic.repository.jdbc.JdbcVisitRowMapper"};
{"AttractionValue":-1.0,"ChangeType":1,"ChosenAt":"2024-07-22T02:36:28.5316268Z","ClusterID":"util","CandidateID":"org.springframework.samples.petclinic.repository.jdbc.JdbcVisitRowMapper"};
{"AttractionValue":-1.0,"ChangeType":0,"ChosenAt":"2024-07-22T02:36:28.5326851Z","ClusterID":"util","CandidateID":"org.springframework.samples.petclinic.repository.jdbc.JdbcVisitRowMapper"};
{"AttractionValue":-1.0,"ChangeType":1,"ChosenAt":"2024-07-22T02:36:28.5592481Z","ClusterID":"util","CandidateID":"org.springframework.samples.petclinic.repository.jdbc.JdbcVisitRowMapper"};
{"AttractionValue":-1.0,"ChangeType":0,"ChosenAt":"2024-07-22T02:36:28.5597582Z","ClusterID":"util","CandidateID":"org.springframework.samples.petclinic.repository.jdbc.JdbcVisitRowMapper"};
{"AttractionValue":-1.0,"ChangeType":1,"ChosenAt":"2024-07-22T02:36:28.6897198Z","ClusterID":"util","CandidateID":"org.springframework.samples.petclinic.repository.jdbc.JdbcVisitRowMapper"};
{"AttractionValue":-1.0,"ChangeType":0,"ChosenAt":"2024-07-22T02:36:28.6907193Z","ClusterID":"util","CandidateID":"org.springframework.samples.petclinic.repository.jdbc.JdbcVisitRowMapper"};
{"AttractionValue":-1.0,"ChangeType":1,"ChosenAt":"2024-07-22T02:36:28.7183616Z","ClusterID":"util","CandidateID":"org.springframework.samples.petclinic.repository.jdbc.JdbcVisitRowMapper"};
{"AttractionValue":-1.0,"ChangeType":0,"ChosenAt":"2024-07-22T02:36:28.7198699Z","ClusterID":"util","CandidateID":"org.springframework.samples.petclinic.repository.jdbc.JdbcVisitRowMapper"};
{"AttractionValue":-1.0,"ChangeType":1,"ChosenAt":"2024-07-22T02:36:28.747516Z","ClusterID":"util","CandidateID":"org.springframework.samples.petclinic.repository.jdbc.JdbcVisitRowMapper"};
{"AttractionValue":-1.0,"ChangeType":0,"ChosenAt":"2024-07-22T02:36:28.7485264Z","ClusterID":"util","CandidateID":"org.springframework.samples.petclinic.repository.jdbc.JdbcVisitRowMapper"};
{"AttractionValue":-1.0,"ChangeType":1,"ChosenAt":"2024-07-22T02:36:28.7745327Z","ClusterID":"util","CandidateID":"org.springframework.samples.petclinic.repository.jdbc.JdbcVisitRowMapper"};
{"AttractionValue":-1.0,"ChangeType":0,"ChosenAt":"2024-07-22T02:36:28.7755597Z","ClusterID":"util","CandidateID":"org.springframework.samples.petclinic.repository.jdbc.JdbcVisitRowMapper"};
{"AttractionValue":-1.0,"ChangeType":1,"ChosenAt":"2024-07-22T02:36:28.8025799Z","ClusterID":"util","CandidateID":"org.springframework.samples.petclinic.repository.jdbc.JdbcVisitRowMapper"};
{"AttractionValue":-1.0,"ChangeType":0,"ChosenAt":"2024-07-22T02:36:28.8025799Z","ClusterID":"util","CandidateID":"org.springframework.samples.petclinic.repository.jdbc.JdbcVisitRowMapper"};
{"AttractionValue":-1.0,"ChangeType":1,"ChosenAt":"2024-07-22T02:36:28.8277975Z","ClusterID":"util","CandidateID":"org.springframework.samples.petclinic.repository.jdbc.JdbcVisitRowMapper"};
{"AttractionValue":-1.0,"ChangeType":0,"ChosenAt":"2024-07-22T02:36:28.8287981Z","ClusterID":"util","CandidateID":"org.springframework.samples.petclinic.repository.jdbc.JdbcVisitRowMapper"};
{"AttractionValue":-1.0,"ChangeType":1,"ChosenAt":"2024-07-22T02:36:28.854373Z","ClusterID":"util","CandidateID":"org.springframework.samples.petclinic.repository.jdbc.JdbcVisitRowMapper"};
{"AttractionValue":-1.0,"ChangeType":0,"ChosenAt":"2024-07-22T02:36:28.8548907Z","ClusterID":"util","CandidateID":"org.springframework.samples.petclinic.repository.jdbc.JdbcVisitRowMapper"};
{"AttractionValue":-1.0,"ChangeType":1,"ChosenAt":"2024-07-22T02:36:28.8797272Z","ClusterID":"util","CandidateID":"org.springframework.samples.petclinic.repository.jdbc.JdbcVisitRowMapper"};
{"AttractionValue":-1.0,"ChangeType":0,"ChosenAt":"2024-07-22T02:36:28.8807577Z","ClusterID":"util","CandidateID":"org.springframework.samples.petclinic.repository.jdbc.JdbcVisitRowMapper"};
{"AttractionValue":-1.0,"ChangeType":1,"ChosenAt":"2024-07-22T02:36:28.9076696Z","ClusterID":"util","CandidateID":"org.springframework.samples.petclinic.repository.jdbc.JdbcVisitRowMapper"};
{"AttractionValue":-1.0,"ChangeType":0,"ChosenAt":"2024-07-22T02:36:28.9081795Z","ClusterID":"util","CandidateID":"org.springframework.samples.petclinic.repository.jdbc.JdbcVisitRowMapper"};
{"AttractionValue":-1.0,"ChangeType":1,"ChosenAt":"2024-07-22T02:36:28.9344026Z","ClusterID":"util","CandidateID":"org.springframework.samples.petclinic.repository.jdbc.JdbcVisitRowMapper"};
{"AttractionValue":-1.0,"ChangeType":0,"ChosenAt":"2024-07-22T02:36:28.9344026Z","ClusterID":"util","CandidateID":"org.springframework.samples.petclinic.repository.jdbc.JdbcVisitRowMapper"};
{"AttractionValue":-1.0,"ChangeType":1,"ChosenAt":"2024-07-22T02:36:28.9603522Z","ClusterID":"util","CandidateID":"org.springframework.samples.petclinic.repository.jdbc.JdbcVisitRowMapper"};
{"AttractionValue":-1.0,"ChangeType":0,"ChosenAt":"2024-07-22T02:36:28.9613511Z","ClusterID":"util","CandidateID":"org.springframework.samples.petclinic.repository.jdbc.JdbcVisitRowMapper"};
{"AttractionValue":-1.0,"ChangeType":1,"ChosenAt":"2024-07-22T02:36:28.9868431Z","ClusterID":"util","CandidateID":"org.springframework.samples.petclinic.repository.jdbc.JdbcVisitRowMapper"};
{"AttractionValue":-1.0,"ChangeType":0,"ChosenAt":"2024-07-22T02:36:28.9868431Z","ClusterID":"util","CandidateID":"org.springframework.samples.petclinic.repository.jdbc.JdbcVisitRowMapper"};
{"AttractionValue":-1.0,"ChangeType":1,"ChosenAt":"2024-07-22T02:36:29.0139126Z","ClusterID":"util","CandidateID":"org.springframework.samples.petclinic.repository.jdbc.JdbcVisitRowMapper"};
{"AttractionValue":-1.0,"ChangeType":0,"ChosenAt":"2024-07-22T02:36:29.0139126Z","ClusterID":"util","CandidateID":"org.springframework.samples.petclinic.repository.jdbc.JdbcVisitRowMapper"};
{"AttractionValue":-1.0,"ChangeType":1,"ChosenAt":"2024-07-22T02:36:29.040137Z","ClusterID":"util","CandidateID":"org.springframework.samples.petclinic.repository.jdbc.JdbcVisitRowMapper"};
{"AttractionValue":-1.0,"ChangeType":0,"ChosenAt":"2024-07-22T02:36:29.041167Z","ClusterID":"util","CandidateID":"org.springframework.samples.petclinic.repository.jdbc.JdbcVisitRowMapper"};
{"AttractionValue":-1.0,"ChangeType":1,"ChosenAt":"2024-07-22T02:36:29.0669055Z","ClusterID":"util","CandidateID":"org.springframework.samples.petclinic.repository.jdbc.JdbcVisitRowMapper"};
{"AttractionValue":-1.0,"ChangeType":0,"ChosenAt":"2024-07-22T02:36:29.0684133Z","ClusterID":"util","CandidateID":"org.springframework.samples.petclinic.repository.jdbc.JdbcVisitRowMapper"};
{"AttractionValue":-1.0,"ChangeType":1,"ChosenAt":"2024-07-22T02:36:29.0962188Z","ClusterID":"util","CandidateID":"org.springframework.samples.petclinic.repository.jdbc.JdbcVisitRowMapper"};
{"AttractionValue":-1.0,"ChangeType":0,"ChosenAt":"2024-07-22T02:36:29.0972224Z","ClusterID":"util","CandidateID":"org.springframework.samples.petclinic.repository.jdbc.JdbcVisitRowMapper"};
{"AttractionValue":0.0,"ChangeType":0,"ChosenAt":"2024-07-22T02:36:31.7551282Z","ClusterID":"util","CandidateID":"org.springframework.samples.petclinic.repository.jdbc.JdbcVetRepositoryImpl"};
{"AttractionValue":-1.0,"ChangeType":1,"ChosenAt":"2024-07-22T02:36:31.7894249Z","ClusterID":"util","CandidateID":"org.springframework.samples.petclinic.repository.jdbc.JdbcVetRepositoryImpl"};
{"AttractionValue":-1.0,"ChangeType":0,"ChosenAt":"2024-07-22T02:36:31.7894249Z","ClusterID":"util","CandidateID":"org.springframework.samples.petclinic.repository.jdbc.JdbcVetRepositoryImpl"};
{"AttractionValue":-1.0,"ChangeType":1,"ChosenAt":"2024-07-22T02:36:31.8249227Z","ClusterID":"util","CandidateID":"org.springframework.samples.petclinic.repository.jdbc.JdbcVetRepositoryImpl"};
{"AttractionValue":-1.0,"ChangeType":0,"ChosenAt":"2024-07-22T02:36:31.8258521Z","ClusterID":"util","CandidateID":"org.springframework.samples.petclinic.repository.jdbc.JdbcVetRepositoryImpl"};
{"AttractionValue":-1.0,"ChangeType":1,"ChosenAt":"2024-07-22T02:36:31.8602899Z","ClusterID":"util","CandidateID":"org.springframework.samples.petclinic.repository.jdbc.JdbcVetRepositoryImpl"};
{"AttractionValue":-1.0,"ChangeType":0,"ChosenAt":"2024-07-22T02:36:31.8602899Z","ClusterID":"util","CandidateID":"org.springframework.samples.petclinic.repository.jdbc.JdbcVetRepositoryImpl"};
{"AttractionValue":-1.0,"ChangeType":1,"ChosenAt":"2024-07-22T02:36:31.8947848Z","ClusterID":"util","CandidateID":"org.springframework.samples.petclinic.repository.jdbc.JdbcVetRepositoryImpl"};
{"AttractionValue":-1.0,"ChangeType":0,"ChosenAt":"2024-07-22T02:36:31.895785Z","ClusterID":"util","CandidateID":"org.springframework.samples.petclinic.repository.jdbc.JdbcVetRepositoryImpl"};
{"AttractionValue":-1.0,"ChangeType":1,"ChosenAt":"2024-07-22T02:36:31.9295555Z","ClusterID":"util","CandidateID":"org.springframework.samples.petclinic.repository.jdbc.JdbcVetRepositoryImpl"};
{"AttractionValue":-1.0,"ChangeType":0,"ChosenAt":"2024-07-22T02:36:31.9295555Z","ClusterID":"util","CandidateID":"org.springframework.samples.petclinic.repository.jdbc.JdbcVetRepositoryImpl"};
{"AttractionValue":-1.0,"ChangeType":1,"ChosenAt":"2024-07-22T02:36:31.9646173Z","ClusterID":"util","CandidateID":"org.springframework.samples.petclinic.repository.jdbc.JdbcVetRepositoryImpl"};
{"AttractionValue":-1.0,"ChangeType":0,"ChosenAt":"2024-07-22T02:36:31.9646173Z","ClusterID":"util","CandidateID":"org.springframework.samples.petclinic.repository.jdbc.JdbcVetRepositoryImpl"};
{"AttractionValue":-1.0,"ChangeType":1,"ChosenAt":"2024-07-22T02:36:31.9999633Z","ClusterID":"util","CandidateID":"org.springframework.samples.petclinic.repository.jdbc.JdbcVetRepositoryImpl"};
{"AttractionValue":-1.0,"ChangeType":0,"ChosenAt":"2024-07-22T02:36:31.9999633Z","ClusterID":"util","CandidateID":"org.springframework.samples.petclinic.repository.jdbc.JdbcVetRepositoryImpl"};
{"AttractionValue":-1.0,"ChangeType":1,"ChosenAt":"2024-07-22T02:36:32.0343243Z","ClusterID":"util","CandidateID":"org.springframework.samples.petclinic.repository.jdbc.JdbcVetRepositoryImpl"};
{"AttractionValue":-1.0,"ChangeType":0,"ChosenAt":"2024-07-22T02:36:32.0353691Z","ClusterID":"util","CandidateID":"org.springframework.samples.petclinic.repository.jdbc.JdbcVetRepositoryImpl"};
{"AttractionValue":-1.0,"ChangeType":0,"ChosenAt":"2024-07-22T02:36:33.4465073Z","ClusterID":"Architecture#ROOT","CandidateID":"org.springframework.samples.petclinic.repository.jpa.JpaPetRepositoryImpl"};
{"AttractionValue":-1.0,"ChangeType":1,"ChosenAt":"2024-07-22T02:36:33.5819012Z","ClusterID":"Architecture#ROOT","CandidateID":"org.springframework.samples.petclinic.repository.jpa.JpaPetRepositoryImpl"};
{"AttractionValue":-1.0,"ChangeType":0,"ChosenAt":"2024-07-22T02:36:33.5829015Z","ClusterID":"util","CandidateID":"org.springframework.samples.petclinic.repository.jpa.JpaPetRepositoryImpl"};
{"AttractionValue":-1.0,"ChangeType":1,"ChosenAt":"2024-07-22T02:36:33.6140142Z","ClusterID":"util","CandidateID":"org.springframework.samples.petclinic.repository.jpa.JpaPetRepositoryImpl"};
{"AttractionValue":-1.0,"ChangeType":0,"ChosenAt":"2024-07-22T02:36:33.6160401Z","ClusterID":"util","CandidateID":"org.springframework.samples.petclinic.repository.jpa.JpaPetRepositoryImpl"};
{"AttractionValue":-1.0,"ChangeType":1,"ChosenAt":"2024-07-22T02:36:33.6492879Z","ClusterID":"util","CandidateID":"org.springframework.samples.petclinic.repository.jpa.JpaPetRepositoryImpl"};
{"AttractionValue":-1.0,"ChangeType":0,"ChosenAt":"2024-07-22T02:36:33.6502865Z","ClusterID":"util","CandidateID":"org.springframework.samples.petclinic.repository.jpa.JpaPetRepositoryImpl"};
{"AttractionValue":-1.0,"ChangeType":1,"ChosenAt":"2024-07-22T02:36:33.681448Z","ClusterID":"util","CandidateID":"org.springframework.samples.petclinic.repository.jpa.JpaPetRepositoryImpl"};
{"AttractionValue":-1.0,"ChangeType":0,"ChosenAt":"2024-07-22T02:36:33.682461Z","ClusterID":"util","CandidateID":"org.springframework.samples.petclinic.repository.jpa.JpaPetRepositoryImpl"};
{"AttractionValue":-1.0,"ChangeType":1,"ChosenAt":"2024-07-22T02:36:33.7133781Z","ClusterID":"util","CandidateID":"org.springframework.samples.petclinic.repository.jpa.JpaPetRepositoryImpl"};
{"AttractionValue":-1.0,"ChangeType":0,"ChosenAt":"2024-07-22T02:36:33.7138983Z","ClusterID":"util","CandidateID":"org.springframework.samples.petclinic.repository.jpa.JpaPetRepositoryImpl"};
{"AttractionValue":-1.0,"ChangeType":1,"ChosenAt":"2024-07-22T02:36:33.7443125Z","ClusterID":"util","CandidateID":"org.springframework.samples.petclinic.repository.jpa.JpaPetRepositoryImpl"};
{"AttractionValue":-1.0,"ChangeType":0,"ChosenAt":"2024-07-22T02:36:33.7443125Z","ClusterID":"util","CandidateID":"org.springframework.samples.petclinic.repository.jpa.JpaPetRepositoryImpl"};
{"AttractionValue":-1.0,"ChangeType":1,"ChosenAt":"2024-07-22T02:36:33.7751259Z","ClusterID":"util","CandidateID":"org.springframework.samples.petclinic.repository.jpa.JpaPetRepositoryImpl"};
{"AttractionValue":-1.0,"ChangeType":0,"ChosenAt":"2024-07-22T02:36:33.7761596Z","ClusterID":"util","CandidateID":"org.springframework.samples.petclinic.repository.jpa.JpaPetRepositoryImpl"};
{"AttractionValue":-1.0,"ChangeType":1,"ChosenAt":"2024-07-22T02:36:33.8065697Z","ClusterID":"util","CandidateID":"org.springframework.samples.petclinic.repository.jpa.JpaPetRepositoryImpl"};
{"AttractionValue":-1.0,"ChangeType":0,"ChosenAt":"2024-07-22T02:36:33.8081102Z","ClusterID":"util","CandidateID":"org.springframework.samples.petclinic.repository.jpa.JpaPetRepositoryImpl"};
{"AttractionValue":-1.0,"ChangeType":1,"ChosenAt":"2024-07-22T02:36:33.8385825Z","ClusterID":"util","CandidateID":"org.springframework.samples.petclinic.repository.jpa.JpaPetRepositoryImpl"};
{"AttractionValue":-1.0,"ChangeType":0,"ChosenAt":"2024-07-22T02:36:33.8385825Z","ClusterID":"util","CandidateID":"org.springframework.samples.petclinic.repository.jpa.JpaPetRepositoryImpl"};
{"AttractionValue":-1.0,"ChangeType":1,"ChosenAt":"2024-07-22T02:36:33.8705694Z","ClusterID":"util","CandidateID":"org.springframework.samples.petclinic.repository.jpa.JpaPetRepositoryImpl"};
{"AttractionValue":-1.0,"ChangeType":0,"ChosenAt":"2024-07-22T02:36:33.8705694Z","ClusterID":"util","CandidateID":"org.springframework.samples.petclinic.repository.jpa.JpaPetRepositoryImpl"};
{"AttractionValue":-1.0,"ChangeType":1,"ChosenAt":"2024-07-22T02:36:33.9026702Z","ClusterID":"util","CandidateID":"org.springframework.samples.petclinic.repository.jpa.JpaPetRepositoryImpl"};
{"AttractionValue":-1.0,"ChangeType":0,"ChosenAt":"2024-07-22T02:36:33.9026702Z","ClusterID":"util","CandidateID":"org.springframework.samples.petclinic.repository.jpa.JpaPetRepositoryImpl"};
{"AttractionValue":-1.0,"ChangeType":1,"ChosenAt":"2024-07-22T02:36:34.0328413Z","ClusterID":"util","CandidateID":"org.springframework.samples.petclinic.repository.jpa.JpaPetRepositoryImpl"};
{"AttractionValue":-1.0,"ChangeType":0,"ChosenAt":"2024-07-22T02:36:34.0338758Z","ClusterID":"util","CandidateID":"org.springframework.samples.petclinic.repository.jpa.JpaPetRepositoryImpl"};
{"AttractionValue":-1.0,"ChangeType":1,"ChosenAt":"2024-07-22T02:36:34.0649869Z","ClusterID":"util","CandidateID":"org.springframework.samples.petclinic.repository.jpa.JpaPetRepositoryImpl"};
{"AttractionValue":-1.0,"ChangeType":0,"ChosenAt":"2024-07-22T02:36:34.0659631Z","ClusterID":"util","CandidateID":"org.springframework.samples.petclinic.repository.jpa.JpaPetRepositoryImpl"};
{"AttractionValue":-1.0,"ChangeType":1,"ChosenAt":"2024-07-22T02:36:34.0961305Z","ClusterID":"util","CandidateID":"org.springframework.samples.petclinic.repository.jpa.JpaPetRepositoryImpl"};
{"AttractionValue":-1.0,"ChangeType":0,"ChosenAt":"2024-07-22T02:36:34.0971512Z","ClusterID":"util","CandidateID":"org.springframework.samples.petclinic.repository.jpa.JpaPetRepositoryImpl"};
{"AttractionValue":-1.0,"ChangeType":1,"ChosenAt":"2024-07-22T02:36:34.1272331Z","ClusterID":"util","CandidateID":"org.springframework.samples.petclinic.repository.jpa.JpaPetRepositoryImpl"};
{"AttractionValue":-1.0,"ChangeType":0,"ChosenAt":"2024-07-22T02:36:34.1282008Z","ClusterID":"util","CandidateID":"org.springframework.samples.petclinic.repository.jpa.JpaPetRepositoryImpl"};
{"AttractionValue":-1.0,"ChangeType":1,"ChosenAt":"2024-07-22T02:36:34.1587494Z","ClusterID":"util","CandidateID":"org.springframework.samples.petclinic.repository.jpa.JpaPetRepositoryImpl"};
{"AttractionValue":-1.0,"ChangeType":0,"ChosenAt":"2024-07-22T02:36:34.1587494Z","ClusterID":"util","CandidateID":"org.springframework.samples.petclinic.repository.jpa.JpaPetRepositoryImpl"};
{"AttractionValue":-1.0,"ChangeType":1,"ChosenAt":"2024-07-22T02:36:34.1907925Z","ClusterID":"util","CandidateID":"org.springframework.samples.petclinic.repository.jpa.JpaPetRepositoryImpl"};
{"AttractionValue":-1.0,"ChangeType":0,"ChosenAt":"2024-07-22T02:36:34.1923088Z","ClusterID":"util","CandidateID":"org.springframework.samples.petclinic.repository.jpa.JpaPetRepositoryImpl"};
{"AttractionValue":-1.0,"ChangeType":1,"ChosenAt":"2024-07-22T02:36:34.2215691Z","ClusterID":"util","CandidateID":"org.springframework.samples.petclinic.repository.jpa.JpaPetRepositoryImpl"};
{"AttractionValue":-1.0,"ChangeType":0,"ChosenAt":"2024-07-22T02:36:34.2225839Z","ClusterID":"util","CandidateID":"org.springframework.samples.petclinic.repository.jpa.JpaPetRepositoryImpl"};
{"AttractionValue":-1.0,"ChangeType":1,"ChosenAt":"2024-07-22T02:36:34.2531904Z","ClusterID":"util","CandidateID":"org.springframework.samples.petclinic.repository.jpa.JpaPetRepositoryImpl"};
{"AttractionValue":-1.0,"ChangeType":0,"ChosenAt":"2024-07-22T02:36:34.2531904Z","ClusterID":"util","CandidateID":"org.springframework.samples.petclinic.repository.jpa.JpaPetRepositoryImpl"};
{"AttractionValue":-1.0,"ChangeType":1,"ChosenAt":"2024-07-22T02:36:34.2844343Z","ClusterID":"util","CandidateID":"org.springframework.samples.petclinic.repository.jpa.JpaPetRepositoryImpl"};
{"AttractionValue":-1.0,"ChangeType":0,"ChosenAt":"2024-07-22T02:36:34.2854338Z","ClusterID":"util","CandidateID":"org.springframework.samples.petclinic.repository.jpa.JpaPetRepositoryImpl"};
{"AttractionValue":-1.0,"ChangeType":0,"ChosenAt":"2024-07-22T02:36:35.6901532Z","ClusterID":"Architecture#ROOT","CandidateID":"org.springframework.samples.petclinic.repository.jdbc.JdbcPetVisitExtractor"};
{"AttractionValue":-1.0,"ChangeType":1,"ChosenAt":"2024-07-22T02:36:35.7284326Z","ClusterID":"Architecture#ROOT","CandidateID":"org.springframework.samples.petclinic.repository.jdbc.JdbcPetVisitExtractor"};
{"AttractionValue":-1.0,"ChangeType":0,"ChosenAt":"2024-07-22T02:36:35.7294583Z","ClusterID":"Architecture#ROOT","CandidateID":"org.springframework.samples.petclinic.repository.jdbc.JdbcPetVisitExtractor"};
{"AttractionValue":-1.0,"ChangeType":1,"ChosenAt":"2024-07-22T02:36:35.7691123Z","ClusterID":"Architecture#ROOT","CandidateID":"org.springframework.samples.petclinic.repository.jdbc.JdbcPetVisitExtractor"};
{"AttractionValue":-1.0,"ChangeType":0,"ChosenAt":"2024-07-22T02:36:35.7706704Z","ClusterID":"util","CandidateID":"org.springframework.samples.petclinic.repository.jdbc.JdbcPetVisitExtractor"};
{"AttractionValue":-1.0,"ChangeType":1,"ChosenAt":"2024-07-22T02:36:35.8100916Z","ClusterID":"util","CandidateID":"org.springframework.samples.petclinic.repository.jdbc.JdbcPetVisitExtractor"};
{"AttractionValue":-1.0,"ChangeType":0,"ChosenAt":"2024-07-22T02:36:35.9986332Z","ClusterID":"util","CandidateID":"org.springframework.samples.petclinic.repository.jdbc.JdbcPetVisitExtractor"};
{"AttractionValue":-1.0,"ChangeType":1,"ChosenAt":"2024-07-22T02:36:36.039874Z","ClusterID":"util","CandidateID":"org.springframework.samples.petclinic.repository.jdbc.JdbcPetVisitExtractor"};
{"AttractionValue":-1.0,"ChangeType":0,"ChosenAt":"2024-07-22T02:36:36.0408699Z","ClusterID":"util","CandidateID":"org.springframework.samples.petclinic.repository.jdbc.JdbcPetVisitExtractor"};
{"AttractionValue":-1.0,"ChangeType":1,"ChosenAt":"2024-07-22T02:36:36.082656Z","ClusterID":"util","CandidateID":"org.springframework.samples.petclinic.repository.jdbc.JdbcPetVisitExtractor"};
{"AttractionValue":-1.0,"ChangeType":0,"ChosenAt":"2024-07-22T02:36:36.082656Z","ClusterID":"util","CandidateID":"org.springframework.samples.petclinic.repository.jdbc.JdbcPetVisitExtractor"};
{"AttractionValue":-1.0,"ChangeType":1,"ChosenAt":"2024-07-22T02:36:36.1207072Z","ClusterID":"util","CandidateID":"org.springframework.samples.petclinic.repository.jdbc.JdbcPetVisitExtractor"};
{"AttractionValue":-1.0,"ChangeType":0,"ChosenAt":"2024-07-22T02:36:36.1227586Z","ClusterID":"util","CandidateID":"org.springframework.samples.petclinic.repository.jdbc.JdbcPetVisitExtractor"};
{"AttractionValue":-1.0,"ChangeType":1,"ChosenAt":"2024-07-22T02:36:36.1601693Z","ClusterID":"util","CandidateID":"org.springframework.samples.petclinic.repository.jdbc.JdbcPetVisitExtractor"};
{"AttractionValue":-1.0,"ChangeType":0,"ChosenAt":"2024-07-22T02:36:36.1601693Z","ClusterID":"util","CandidateID":"org.springframework.samples.petclinic.repository.jdbc.JdbcPetVisitExtractor"};
{"AttractionValue":-1.0,"ChangeType":1,"ChosenAt":"2024-07-22T02:36:36.1989493Z","ClusterID":"util","CandidateID":"org.springframework.samples.petclinic.repository.jdbc.JdbcPetVisitExtractor"};
{"AttractionValue":-1.0,"ChangeType":0,"ChosenAt":"2024-07-22T02:36:36.2005586Z","ClusterID":"util","CandidateID":"org.springframework.samples.petclinic.repository.jdbc.JdbcPetVisitExtractor"};
{"AttractionValue":-1.0,"ChangeType":1,"ChosenAt":"2024-07-22T02:36:36.2387555Z","ClusterID":"util","CandidateID":"org.springframework.samples.petclinic.repository.jdbc.JdbcPetVisitExtractor"};
{"AttractionValue":-1.0,"ChangeType":0,"ChosenAt":"2024-07-22T02:36:36.2402673Z","ClusterID":"util","CandidateID":"org.springframework.samples.petclinic.repository.jdbc.JdbcPetVisitExtractor"};
{"AttractionValue":-1.0,"ChangeType":1,"ChosenAt":"2024-07-22T02:36:36.2787091Z","ClusterID":"util","CandidateID":"org.springframework.samples.petclinic.repository.jdbc.JdbcPetVisitExtractor"};
{"AttractionValue":-1.0,"ChangeType":0,"ChosenAt":"2024-07-22T02:36:36.2787091Z","ClusterID":"util","CandidateID":"org.springframework.samples.petclinic.repository.jdbc.JdbcPetVisitExtractor"};
{"AttractionValue":-1.0,"ChangeType":1,"ChosenAt":"2024-07-22T02:36:36.4174365Z","ClusterID":"util","CandidateID":"org.springframework.samples.petclinic.repository.jdbc.JdbcPetVisitExtractor"};
{"AttractionValue":-1.0,"ChangeType":0,"ChosenAt":"2024-07-22T02:36:36.4184357Z","ClusterID":"util","CandidateID":"org.springframework.samples.petclinic.repository.jdbc.JdbcPetVisitExtractor"};
{"AttractionValue":-1.0,"ChangeType":1,"ChosenAt":"2024-07-22T02:36:36.4582496Z","ClusterID":"util","CandidateID":"org.springframework.samples.petclinic.repository.jdbc.JdbcPetVisitExtractor"};
{"AttractionValue":-1.0,"ChangeType":0,"ChosenAt":"2024-07-22T02:36:36.4592606Z","ClusterID":"util","CandidateID":"org.springframework.samples.petclinic.repository.jdbc.JdbcPetVisitExtractor"};
{"AttractionValue":-1.0,"ChangeType":1,"ChosenAt":"2024-07-22T02:36:36.497936Z","ClusterID":"util","CandidateID":"org.springframework.samples.petclinic.repository.jdbc.JdbcPetVisitExtractor"};
{"AttractionValue":-1.0,"ChangeType":0,"ChosenAt":"2024-07-22T02:36:36.4988605Z","ClusterID":"util","CandidateID":"org.springframework.samples.petclinic.repository.jdbc.JdbcPetVisitExtractor"};
{"AttractionValue":-1.0,"ChangeType":1,"ChosenAt":"2024-07-22T02:36:36.5373346Z","ClusterID":"util","CandidateID":"org.springframework.samples.petclinic.repository.jdbc.JdbcPetVisitExtractor"};
{"AttractionValue":-1.0,"ChangeType":0,"ChosenAt":"2024-07-22T02:36:36.5373346Z","ClusterID":"util","CandidateID":"org.springframework.samples.petclinic.repository.jdbc.JdbcPetVisitExtractor"};
{"AttractionValue":-1.0,"ChangeType":1,"ChosenAt":"2024-07-22T02:36:36.5778606Z","ClusterID":"util","CandidateID":"org.springframework.samples.petclinic.repository.jdbc.JdbcPetVisitExtractor"};
{"AttractionValue":-1.0,"ChangeType":0,"ChosenAt":"2024-07-22T02:36:36.5788556Z","ClusterID":"util","CandidateID":"org.springframework.samples.petclinic.repository.jdbc.JdbcPetVisitExtractor"};
{"AttractionValue":-1.0,"ChangeType":1,"ChosenAt":"2024-07-22T02:36:36.6195994Z","ClusterID":"util","CandidateID":"org.springframework.samples.petclinic.repository.jdbc.JdbcPetVisitExtractor"};
{"AttractionValue":-1.0,"ChangeType":0,"ChosenAt":"2024-07-22T02:36:36.6195994Z","ClusterID":"Architecture#ROOT","CandidateID":"org.springframework.samples.petclinic.repository.jdbc.JdbcPetVisitExtractor"};
{"AttractionValue":-1.0,"ChangeType":1,"ChosenAt":"2024-07-22T02:36:36.6610042Z","ClusterID":"Architecture#ROOT","CandidateID":"org.springframework.samples.petclinic.repository.jdbc.JdbcPetVisitExtractor"};
{"AttractionValue":-1.0,"ChangeType":0,"ChosenAt":"2024-07-22T02:36:36.6618829Z","ClusterID":"Architecture#ROOT","CandidateID":"org.springframework.samples.petclinic.repository.jdbc.JdbcPetVisitExtractor"};
{"AttractionValue":-1.0,"ChangeType":1,"ChosenAt":"2024-07-22T02:36:36.7973468Z","ClusterID":"Architecture#ROOT","CandidateID":"org.springframework.samples.petclinic.repository.jdbc.JdbcPetVisitExtractor"};
{"AttractionValue":-1.0,"ChangeType":0,"ChosenAt":"2024-07-22T02:36:36.7982897Z","ClusterID":"Architecture#ROOT","CandidateID":"org.springframework.samples.petclinic.repository.jdbc.JdbcPetVisitExtractor"};
{"AttractionValue":-1.0,"ChangeType":1,"ChosenAt":"2024-07-22T02:36:36.8338953Z","ClusterID":"Architecture#ROOT","CandidateID":"org.springframework.samples.petclinic.repository.jdbc.JdbcPetVisitExtractor"};
{"AttractionValue":-1.0,"ChangeType":0,"ChosenAt":"2024-07-22T02:36:36.8348775Z","ClusterID":"Architecture#ROOT","CandidateID":"org.springframework.samples.petclinic.repository.jdbc.JdbcPetVisitExtractor"};
{"AttractionValue":-1.0,"ChangeType":1,"ChosenAt":"2024-07-22T02:36:36.8711653Z","ClusterID":"Architecture#ROOT","CandidateID":"org.springframework.samples.petclinic.repository.jdbc.JdbcPetVisitExtractor"};
{"AttractionValue":-1.0,"ChangeType":0,"ChosenAt":"2024-07-22T02:36:37.0313702Z","ClusterID":"Architecture#ROOT","CandidateID":"org.springframework.samples.petclinic.repository.jdbc.JdbcPetVisitExtractor"};
{"AttractionValue":-1.0,"ChangeType":1,"ChosenAt":"2024-07-22T02:36:37.0723522Z","ClusterID":"Architecture#ROOT","CandidateID":"org.springframework.samples.petclinic.repository.jdbc.JdbcPetVisitExtractor"};
{"AttractionValue":-1.0,"ChangeType":0,"ChosenAt":"2024-07-22T02:36:37.073544Z","ClusterID":"Architecture#ROOT","CandidateID":"org.springframework.samples.petclinic.repository.jdbc.JdbcPetVisitExtractor"};
{"AttractionValue":-1.0,"ChangeType":1,"ChosenAt":"2024-07-22T02:36:37.2173928Z","ClusterID":"Architecture#ROOT","CandidateID":"org.springframework.samples.petclinic.repository.jdbc.JdbcPetVisitExtractor"};
{"AttractionValue":-1.0,"ChangeType":0,"ChosenAt":"2024-07-22T02:36:37.2179303Z","ClusterID":"util","CandidateID":"org.springframework.samples.petclinic.repository.jdbc.JdbcPetVisitExtractor"};
{"AttractionValue":-1.0,"ChangeType":1,"ChosenAt":"2024-07-22T02:36:37.2712366Z","ClusterID":"util","CandidateID":"org.springframework.samples.petclinic.repository.jdbc.JdbcPetVisitExtractor"};
{"AttractionValue":-1.0,"ChangeType":0,"ChosenAt":"2024-07-22T02:36:37.2722368Z","ClusterID":"util","CandidateID":"org.springframework.samples.petclinic.repository.jdbc.JdbcPetVisitExtractor"};
{"AttractionValue":-1.0,"ChangeType":1,"ChosenAt":"2024-07-22T02:36:37.3158372Z","ClusterID":"util","CandidateID":"org.springframework.samples.petclinic.repository.jdbc.JdbcPetVisitExtractor"};
{"AttractionValue":-1.0,"ChangeType":0,"ChosenAt":"2024-07-22T02:36:37.3158372Z","ClusterID":"util","CandidateID":"org.springframework.samples.petclinic.repository.jdbc.JdbcPetVisitExtractor"};
{"AttractionValue":-1.0,"ChangeType":1,"ChosenAt":"2024-07-22T02:36:37.3583572Z","ClusterID":"util","CandidateID":"org.springframework.samples.petclinic.repository.jdbc.JdbcPetVisitExtractor"};
{"AttractionValue":-1.0,"ChangeType":0,"ChosenAt":"2024-07-22T02:36:37.3598523Z","ClusterID":"util","CandidateID":"org.springframework.samples.petclinic.repository.jdbc.JdbcPetVisitExtractor"};
{"AttractionValue":-1.0,"ChangeType":1,"ChosenAt":"2024-07-22T02:36:37.4001069Z","ClusterID":"util","CandidateID":"org.springframework.samples.petclinic.repository.jdbc.JdbcPetVisitExtractor"};
{"AttractionValue":-1.0,"ChangeType":0,"ChosenAt":"2024-07-22T02:36:37.4011023Z","ClusterID":"util","CandidateID":"org.springframework.samples.petclinic.repository.jdbc.JdbcPetVisitExtractor"};
{"AttractionValue":-1.0,"ChangeType":1,"ChosenAt":"2024-07-22T02:36:37.440738Z","ClusterID":"util","CandidateID":"org.springframework.samples.petclinic.repository.jdbc.JdbcPetVisitExtractor"};
{"AttractionValue":-1.0,"ChangeType":0,"ChosenAt":"2024-07-22T02:36:37.4417419Z","ClusterID":"util","CandidateID":"org.springframework.samples.petclinic.repository.jdbc.JdbcPetVisitExtractor"};
{"AttractionValue":-1.0,"ChangeType":1,"ChosenAt":"2024-07-22T02:36:37.582216Z","ClusterID":"util","CandidateID":"org.springframework.samples.petclinic.repository.jdbc.JdbcPetVisitExtractor"};
{"AttractionValue":-1.0,"ChangeType":0,"ChosenAt":"2024-07-22T02:36:37.5832174Z","ClusterID":"util","CandidateID":"org.springframework.samples.petclinic.repository.jdbc.JdbcPetVisitExtractor"};
{"AttractionValue":-1.0,"ChangeType":1,"ChosenAt":"2024-07-22T02:36:37.6244105Z","ClusterID":"util","CandidateID":"org.springframework.samples.petclinic.repository.jdbc.JdbcPetVisitExtractor"};
{"AttractionValue":-1.0,"ChangeType":0,"ChosenAt":"2024-07-22T02:36:37.6253997Z","ClusterID":"util","CandidateID":"org.springframework.samples.petclinic.repository.jdbc.JdbcPetVisitExtractor"};
{"AttractionValue":-1.0,"ChangeType":1,"ChosenAt":"2024-07-22T02:36:37.6652312Z","ClusterID":"util","CandidateID":"org.springframework.samples.petclinic.repository.jdbc.JdbcPetVisitExtractor"};
{"AttractionValue":-1.0,"ChangeType":0,"ChosenAt":"2024-07-22T02:36:37.6661865Z","ClusterID":"util","CandidateID":"org.springframework.samples.petclinic.repository.jdbc.JdbcPetVisitExtractor"};
{"AttractionValue":-1.0,"ChangeType":1,"ChosenAt":"2024-07-22T02:36:37.7051394Z","ClusterID":"util","CandidateID":"org.springframework.samples.petclinic.repository.jdbc.JdbcPetVisitExtractor"};
{"AttractionValue":-1.0,"ChangeType":0,"ChosenAt":"2024-07-22T02:36:37.706734Z","ClusterID":"util","CandidateID":"org.springframework.samples.petclinic.repository.jdbc.JdbcPetVisitExtractor"};
{"AttractionValue":-1.0,"ChangeType":1,"ChosenAt":"2024-07-22T02:36:37.7477825Z","ClusterID":"util","CandidateID":"org.springframework.samples.petclinic.repository.jdbc.JdbcPetVisitExtractor"};
{"AttractionValue":-1.0,"ChangeType":0,"ChosenAt":"2024-07-22T02:36:37.7477825Z","ClusterID":"util","CandidateID":"org.springframework.samples.petclinic.repository.jdbc.JdbcPetVisitExtractor"};
{"AttractionValue":-1.0,"ChangeType":1,"ChosenAt":"2024-07-22T02:36:37.7878163Z","ClusterID":"util","CandidateID":"org.springframework.samples.petclinic.repository.jdbc.JdbcPetVisitExtractor"};
{"AttractionValue":-1.0,"ChangeType":0,"ChosenAt":"2024-07-22T02:36:37.7898262Z","ClusterID":"util","CandidateID":"org.springframework.samples.petclinic.repository.jdbc.JdbcPetVisitExtractor"};
{"AttractionValue":-1.0,"ChangeType":1,"ChosenAt":"2024-07-22T02:36:37.9299644Z","ClusterID":"util","CandidateID":"org.springframework.samples.petclinic.repository.jdbc.JdbcPetVisitExtractor"};
{"AttractionValue":-1.0,"ChangeType":0,"ChosenAt":"2024-07-22T02:36:37.9309368Z","ClusterID":"util","CandidateID":"org.springframework.samples.petclinic.repository.jdbc.JdbcPetVisitExtractor"};
{"AttractionValue":-1.0,"ChangeType":1,"ChosenAt":"2024-07-22T02:36:37.9717428Z","ClusterID":"util","CandidateID":"org.springframework.samples.petclinic.repository.jdbc.JdbcPetVisitExtractor"};
{"AttractionValue":-1.0,"ChangeType":0,"ChosenAt":"2024-07-22T02:36:37.9717428Z","ClusterID":"util","CandidateID":"org.springframework.samples.petclinic.repository.jdbc.JdbcPetVisitExtractor"};
{"AttractionValue":-1.0,"ChangeType":1,"ChosenAt":"2024-07-22T02:36:38.0124074Z","ClusterID":"util","CandidateID":"org.springframework.samples.petclinic.repository.jdbc.JdbcPetVisitExtractor"};
{"AttractionValue":-1.0,"ChangeType":0,"ChosenAt":"2024-07-22T02:36:38.0133666Z","ClusterID":"util","CandidateID":"org.springframework.samples.petclinic.repository.jdbc.JdbcPetVisitExtractor"};
{"AttractionValue":-1.0,"ChangeType":1,"ChosenAt":"2024-07-22T02:36:38.0537574Z","ClusterID":"util","CandidateID":"org.springframework.samples.petclinic.repository.jdbc.JdbcPetVisitExtractor"};
{"AttractionValue":-1.0,"ChangeType":0,"ChosenAt":"2024-07-22T02:36:38.0557826Z","ClusterID":"util","CandidateID":"org.springframework.samples.petclinic.repository.jdbc.JdbcPetVisitExtractor"};
{"AttractionValue":-1.0,"ChangeType":1,"ChosenAt":"2024-07-22T02:36:38.088005Z","ClusterID":"util","CandidateID":"org.springframework.samples.petclinic.repository.jdbc.JdbcPetVisitExtractor"};
{"AttractionValue":-1.0,"ChangeType":0,"ChosenAt":"2024-07-22T02:36:38.088005Z","ClusterID":"util","CandidateID":"org.springframework.samples.petclinic.repository.jdbc.JdbcPetVisitExtractor"};
{"AttractionValue":-1.0,"ChangeType":1,"ChosenAt":"2024-07-22T02:36:38.1221049Z","ClusterID":"util","CandidateID":"org.springframework.samples.petclinic.repository.jdbc.JdbcPetVisitExtractor"};
{"AttractionValue":-1.0,"ChangeType":0,"ChosenAt":"2024-07-22T02:36:38.1230976Z","ClusterID":"util","CandidateID":"org.springframework.samples.petclinic.repository.jdbc.JdbcPetVisitExtractor"};
{"AttractionValue":-1.0,"ChangeType":1,"ChosenAt":"2024-07-22T02:36:38.2575858Z","ClusterID":"util","CandidateID":"org.springframework.samples.petclinic.repository.jdbc.JdbcPetVisitExtractor"};
{"AttractionValue":-1.0,"ChangeType":0,"ChosenAt":"2024-07-22T02:36:38.2575858Z","ClusterID":"util","CandidateID":"org.springframework.samples.petclinic.repository.jdbc.JdbcPetVisitExtractor"};
{"AttractionValue":-1.0,"ChangeType":1,"ChosenAt":"2024-07-22T02:36:38.292747Z","ClusterID":"util","CandidateID":"org.springframework.samples.petclinic.repository.jdbc.JdbcPetVisitExtractor"};
{"AttractionValue":-1.0,"ChangeType":0,"ChosenAt":"2024-07-22T02:36:38.2937337Z","ClusterID":"util","CandidateID":"org.springframework.samples.petclinic.repository.jdbc.JdbcPetVisitExtractor"};
{"AttractionValue":-1.0,"ChangeType":1,"ChosenAt":"2024-07-22T02:36:38.3272407Z","ClusterID":"util","CandidateID":"org.springframework.samples.petclinic.repository.jdbc.JdbcPetVisitExtractor"};
{"AttractionValue":-1.0,"ChangeType":0,"ChosenAt":"2024-07-22T02:36:38.3288211Z","ClusterID":"util","CandidateID":"org.springframework.samples.petclinic.repository.jdbc.JdbcPetVisitExtractor"};
{"AttractionValue":-1.0,"ChangeType":1,"ChosenAt":"2024-07-22T02:36:38.3633053Z","ClusterID":"util","CandidateID":"org.springframework.samples.petclinic.repository.jdbc.JdbcPetVisitExtractor"};
{"AttractionValue":-1.0,"ChangeType":0,"ChosenAt":"2024-07-22T02:36:38.3643264Z","ClusterID":"util","CandidateID":"org.springframework.samples.petclinic.repository.jdbc.JdbcPetVisitExtractor"};
{"AttractionValue":-1.0,"ChangeType":1,"ChosenAt":"2024-07-22T02:36:38.3983421Z","ClusterID":"util","CandidateID":"org.springframework.samples.petclinic.repository.jdbc.JdbcPetVisitExtractor"};
{"AttractionValue":-1.0,"ChangeType":0,"ChosenAt":"2024-07-22T02:36:38.3983421Z","ClusterID":"util","CandidateID":"org.springframework.samples.petclinic.repository.jdbc.JdbcPetVisitExtractor"};
{"AttractionValue":-1.0,"ChangeType":1,"ChosenAt":"2024-07-22T02:36:38.4342676Z","ClusterID":"util","CandidateID":"org.springframework.samples.petclinic.repository.jdbc.JdbcPetVisitExtractor"};
{"AttractionValue":-1.0,"ChangeType":0,"ChosenAt":"2024-07-22T02:36:38.435276Z","ClusterID":"util","CandidateID":"org.springframework.samples.petclinic.repository.jdbc.JdbcPetVisitExtractor"};
{"AttractionValue":-1.0,"ChangeType":1,"ChosenAt":"2024-07-22T02:36:38.4680156Z","ClusterID":"util","CandidateID":"org.springframework.samples.petclinic.repository.jdbc.JdbcPetVisitExtractor"};
{"AttractionValue":-1.0,"ChangeType":0,"ChosenAt":"2024-07-22T02:36:38.4695388Z","ClusterID":"util","CandidateID":"org.springframework.samples.petclinic.repository.jdbc.JdbcPetVisitExtractor"};
{"AttractionValue":-1.0,"ChangeType":1,"ChosenAt":"2024-07-22T02:36:38.5031477Z","ClusterID":"util","CandidateID":"org.springframework.samples.petclinic.repository.jdbc.JdbcPetVisitExtractor"};
{"AttractionValue":-1.0,"ChangeType":0,"ChosenAt":"2024-07-22T02:36:38.5041202Z","ClusterID":"util","CandidateID":"org.springframework.samples.petclinic.repository.jdbc.JdbcPetVisitExtractor"};
{"AttractionValue":-1.0,"ChangeType":1,"ChosenAt":"2024-07-22T02:36:38.6387869Z","ClusterID":"util","CandidateID":"org.springframework.samples.petclinic.repository.jdbc.JdbcPetVisitExtractor"};
{"AttractionValue":-1.0,"ChangeType":0,"ChosenAt":"2024-07-22T02:36:38.6387869Z","ClusterID":"Architecture#ROOT","CandidateID":"org.springframework.samples.petclinic.repository.jdbc.JdbcPetVisitExtractor"};
{"AttractionValue":-1.0,"ChangeType":1,"ChosenAt":"2024-07-22T02:36:38.6777824Z","ClusterID":"Architecture#ROOT","CandidateID":"org.springframework.samples.petclinic.repository.jdbc.JdbcPetVisitExtractor"};
{"AttractionValue":-1.0,"ChangeType":0,"ChosenAt":"2024-07-22T02:36:38.6792981Z","ClusterID":"util","CandidateID":"org.springframework.samples.petclinic.repository.jdbc.JdbcPetVisitExtractor"};
{"AttractionValue":-1.0,"ChangeType":1,"ChosenAt":"2024-07-22T02:36:38.7137275Z","ClusterID":"util","CandidateID":"org.springframework.samples.petclinic.repository.jdbc.JdbcPetVisitExtractor"};
{"AttractionValue":-1.0,"ChangeType":0,"ChosenAt":"2024-07-22T02:36:38.7157723Z","ClusterID":"util","CandidateID":"org.springframework.samples.petclinic.repository.jdbc.JdbcPetVisitExtractor"};
{"AttractionValue":-1.0,"ChangeType":1,"ChosenAt":"2024-07-22T02:36:38.7473257Z","ClusterID":"util","CandidateID":"org.springframework.samples.petclinic.repository.jdbc.JdbcPetVisitExtractor"};
{"AttractionValue":-1.0,"ChangeType":0,"ChosenAt":"2024-07-22T02:36:38.7483326Z","ClusterID":"util","CandidateID":"org.springframework.samples.petclinic.repository.jdbc.JdbcPetVisitExtractor"};
{"AttractionValue":-1.0,"ChangeType":1,"ChosenAt":"2024-07-22T02:36:38.7826772Z","ClusterID":"util","CandidateID":"org.springframework.samples.petclinic.repository.jdbc.JdbcPetVisitExtractor"};
{"AttractionValue":-1.0,"ChangeType":0,"ChosenAt":"2024-07-22T02:36:38.7837024Z","ClusterID":"util","CandidateID":"org.springframework.samples.petclinic.repository.jdbc.JdbcPetVisitExtractor"};
{"AttractionValue":-1.0,"ChangeType":1,"ChosenAt":"2024-07-22T02:36:38.8177744Z","ClusterID":"util","CandidateID":"org.springframework.samples.petclinic.repository.jdbc.JdbcPetVisitExtractor"};
{"AttractionValue":-1.0,"ChangeType":0,"ChosenAt":"2024-07-22T02:36:38.8187609Z","ClusterID":"util","CandidateID":"org.springframework.samples.petclinic.repository.jdbc.JdbcPetVisitExtractor"};
{"AttractionValue":-1.0,"ChangeType":1,"ChosenAt":"2024-07-22T02:36:38.8513857Z","ClusterID":"util","CandidateID":"org.springframework.samples.petclinic.repository.jdbc.JdbcPetVisitExtractor"};
{"AttractionValue":-1.0,"ChangeType":0,"ChosenAt":"2024-07-22T02:36:38.8534099Z","ClusterID":"util","CandidateID":"org.springframework.samples.petclinic.repository.jdbc.JdbcPetVisitExtractor"};
{"AttractionValue":-1.0,"ChangeType":1,"ChosenAt":"2024-07-22T02:36:38.988807Z","ClusterID":"util","CandidateID":"org.springframework.samples.petclinic.repository.jdbc.JdbcPetVisitExtractor"};
{"AttractionValue":-1.0,"ChangeType":0,"ChosenAt":"2024-07-22T02:36:38.989804Z","ClusterID":"Architecture#ROOT","CandidateID":"org.springframework.samples.petclinic.repository.jdbc.JdbcPetVisitExtractor"};
{"AttractionValue":-1.0,"ChangeType":1,"ChosenAt":"2024-07-22T02:36:39.0268299Z","ClusterID":"Architecture#ROOT","CandidateID":"org.springframework.samples.petclinic.repository.jdbc.JdbcPetVisitExtractor"};
{"AttractionValue":-1.0,"ChangeType":0,"ChosenAt":"2024-07-22T02:36:39.0278344Z","ClusterID":"util","CandidateID":"org.springframework.samples.petclinic.repository.jdbc.JdbcPetVisitExtractor"};
{"AttractionValue":-1.0,"ChangeType":1,"ChosenAt":"2024-07-22T02:36:39.082245Z","ClusterID":"util","CandidateID":"org.springframework.samples.petclinic.repository.jdbc.JdbcPetVisitExtractor"};
{"AttractionValue":-1.0,"ChangeType":0,"ChosenAt":"2024-07-22T02:36:39.0832349Z","ClusterID":"util","CandidateID":"org.springframework.samples.petclinic.repository.jdbc.JdbcPetVisitExtractor"};
{"AttractionValue":-1.0,"ChangeType":1,"ChosenAt":"2024-07-22T02:36:39.1181928Z","ClusterID":"util","CandidateID":"org.springframework.samples.petclinic.repository.jdbc.JdbcPetVisitExtractor"};
{"AttractionValue":-1.0,"ChangeType":0,"ChosenAt":"2024-07-22T02:36:39.1202812Z","ClusterID":"util","CandidateID":"org.springframework.samples.petclinic.repository.jdbc.JdbcPetVisitExtractor"};
{"AttractionValue":-1.0,"ChangeType":1,"ChosenAt":"2024-07-22T02:36:39.1542643Z","ClusterID":"util","CandidateID":"org.springframework.samples.petclinic.repository.jdbc.JdbcPetVisitExtractor"};
{"AttractionValue":-1.0,"ChangeType":0,"ChosenAt":"2024-07-22T02:36:39.1552628Z","ClusterID":"util","CandidateID":"org.springframework.samples.petclinic.repository.jdbc.JdbcPetVisitExtractor"};
{"AttractionValue":-1.0,"ChangeType":1,"ChosenAt":"2024-07-22T02:36:39.1900205Z","ClusterID":"util","CandidateID":"org.springframework.samples.petclinic.repository.jdbc.JdbcPetVisitExtractor"};
{"AttractionValue":-1.0,"ChangeType":0,"ChosenAt":"2024-07-22T02:36:39.1900205Z","ClusterID":"util","CandidateID":"org.springframework.samples.petclinic.repository.jdbc.JdbcPetVisitExtractor"};
{"AttractionValue":-1.0,"ChangeType":1,"ChosenAt":"2024-07-22T02:36:39.223521Z","ClusterID":"util","CandidateID":"org.springframework.samples.petclinic.repository.jdbc.JdbcPetVisitExtractor"};
{"AttractionValue":-1.0,"ChangeType":0,"ChosenAt":"2024-07-22T02:36:39.224584Z","ClusterID":"util","CandidateID":"org.springframework.samples.petclinic.repository.jdbc.JdbcPetVisitExtractor"};
{"AttractionValue":-1.0,"ChangeType":1,"ChosenAt":"2024-07-22T02:36:39.2587702Z","ClusterID":"util","CandidateID":"org.springframework.samples.petclinic.repository.jdbc.JdbcPetVisitExtractor"};
{"AttractionValue":-1.0,"ChangeType":0,"ChosenAt":"2024-07-22T02:36:39.2593061Z","ClusterID":"util","CandidateID":"org.springframework.samples.petclinic.repository.jdbc.JdbcPetVisitExtractor"};
{"AttractionValue":-1.0,"ChangeType":1,"ChosenAt":"2024-07-22T02:36:39.3937034Z","ClusterID":"util","CandidateID":"org.springframework.samples.petclinic.repository.jdbc.JdbcPetVisitExtractor"};
{"AttractionValue":-1.0,"ChangeType":0,"ChosenAt":"2024-07-22T02:36:39.3937034Z","ClusterID":"util","CandidateID":"org.springframework.samples.petclinic.repository.jdbc.JdbcPetVisitExtractor"};
{"AttractionValue":-1.0,"ChangeType":0,"ChosenAt":"2024-07-22T02:36:42.2087718Z","ClusterID":"Architecture#ROOT","CandidateID":"org.springframework.samples.petclinic.repository.jpa.JpaVetRepositoryImpl"};
{"AttractionValue":-1.0,"ChangeType":1,"ChosenAt":"2024-07-22T02:36:42.2311761Z","ClusterID":"Architecture#ROOT","CandidateID":"org.springframework.samples.petclinic.repository.jpa.JpaVetRepositoryImpl"};
{"AttractionValue":-1.0,"ChangeType":0,"ChosenAt":"2024-07-22T02:36:42.260514Z","ClusterID":"util","CandidateID":"org.springframework.samples.petclinic.repository.jpa.JpaVetRepositoryImpl"};
{"AttractionValue":-1.0,"ChangeType":1,"ChosenAt":"2024-07-22T02:36:42.2875783Z","ClusterID":"util","CandidateID":"org.springframework.samples.petclinic.repository.jpa.JpaVetRepositoryImpl"};
{"AttractionValue":-1.0,"ChangeType":0,"ChosenAt":"2024-07-22T02:36:42.2881125Z","ClusterID":"util","CandidateID":"org.springframework.samples.petclinic.repository.jpa.JpaVetRepositoryImpl"};
{"AttractionValue":-1.0,"ChangeType":1,"ChosenAt":"2024-07-22T02:36:42.3150667Z","ClusterID":"util","CandidateID":"org.springframework.samples.petclinic.repository.jpa.JpaVetRepositoryImpl"};
{"AttractionValue":-1.0,"ChangeType":0,"ChosenAt":"2024-07-22T02:36:42.3150667Z","ClusterID":"util","CandidateID":"org.springframework.samples.petclinic.repository.jpa.JpaVetRepositoryImpl"};
{"AttractionValue":-1.0,"ChangeType":1,"ChosenAt":"2024-07-22T02:36:42.3400703Z","ClusterID":"util","CandidateID":"org.springframework.samples.petclinic.repository.jpa.JpaVetRepositoryImpl"};
{"AttractionValue":-1.0,"ChangeType":0,"ChosenAt":"2024-07-22T02:36:42.3416315Z","ClusterID":"util","CandidateID":"org.springframework.samples.petclinic.repository.jpa.JpaVetRepositoryImpl"};
{"AttractionValue":-1.0,"ChangeType":1,"ChosenAt":"2024-07-22T02:36:42.3681458Z","ClusterID":"util","CandidateID":"org.springframework.samples.petclinic.repository.jpa.JpaVetRepositoryImpl"};
{"AttractionValue":-1.0,"ChangeType":0,"ChosenAt":"2024-07-22T02:36:42.3691464Z","ClusterID":"util","CandidateID":"org.springframework.samples.petclinic.repository.jpa.JpaVetRepositoryImpl"};
{"AttractionValue":-1.0,"ChangeType":1,"ChosenAt":"2024-07-22T02:36:42.3933449Z","ClusterID":"util","CandidateID":"org.springframework.samples.petclinic.repository.jpa.JpaVetRepositoryImpl"};
{"AttractionValue":-1.0,"ChangeType":0,"ChosenAt":"2024-07-22T02:36:42.3948708Z","ClusterID":"util","CandidateID":"org.springframework.samples.petclinic.repository.jpa.JpaVetRepositoryImpl"};
{"AttractionValue":-1.0,"ChangeType":1,"ChosenAt":"2024-07-22T02:36:42.4191913Z","ClusterID":"util","CandidateID":"org.springframework.samples.petclinic.repository.jpa.JpaVetRepositoryImpl"};
{"AttractionValue":-1.0,"ChangeType":0,"ChosenAt":"2024-07-22T02:36:42.4201806Z","ClusterID":"util","CandidateID":"org.springframework.samples.petclinic.repository.jpa.JpaVetRepositoryImpl"};
{"AttractionValue":-1.0,"ChangeType":1,"ChosenAt":"2024-07-22T02:36:42.4448484Z","ClusterID":"util","CandidateID":"org.springframework.samples.petclinic.repository.jpa.JpaVetRepositoryImpl"};
{"AttractionValue":-1.0,"ChangeType":0,"ChosenAt":"2024-07-22T02:36:42.4448484Z","ClusterID":"util","CandidateID":"org.springframework.samples.petclinic.repository.jpa.JpaVetRepositoryImpl"};
{"AttractionValue":-1.0,"ChangeType":1,"ChosenAt":"2024-07-22T02:36:42.5696216Z","ClusterID":"util","CandidateID":"org.springframework.samples.petclinic.repository.jpa.JpaVetRepositoryImpl"};
{"AttractionValue":-1.0,"ChangeType":0,"ChosenAt":"2024-07-22T02:36:42.5701377Z","ClusterID":"util","CandidateID":"org.springframework.samples.petclinic.repository.jpa.JpaVetRepositoryImpl"};
{"AttractionValue":-1.0,"ChangeType":1,"ChosenAt":"2024-07-22T02:36:42.5949834Z","ClusterID":"util","CandidateID":"org.springframework.samples.petclinic.repository.jpa.JpaVetRepositoryImpl"};
{"AttractionValue":-1.0,"ChangeType":0,"ChosenAt":"2024-07-22T02:36:42.5960203Z","ClusterID":"util","CandidateID":"org.springframework.samples.petclinic.repository.jpa.JpaVetRepositoryImpl"};
{"AttractionValue":-1.0,"ChangeType":1,"ChosenAt":"2024-07-22T02:36:42.6223301Z","ClusterID":"util","CandidateID":"org.springframework.samples.petclinic.repository.jpa.JpaVetRepositoryImpl"};
{"AttractionValue":-1.0,"ChangeType":0,"ChosenAt":"2024-07-22T02:36:42.6223301Z","ClusterID":"util","CandidateID":"org.springframework.samples.petclinic.repository.jpa.JpaVetRepositoryImpl"};
{"AttractionValue":-1.0,"ChangeType":1,"ChosenAt":"2024-07-22T02:36:42.6525216Z","ClusterID":"util","CandidateID":"org.springframework.samples.petclinic.repository.jpa.JpaVetRepositoryImpl"};
{"AttractionValue":-1.0,"ChangeType":0,"ChosenAt":"2024-07-22T02:36:42.6535298Z","ClusterID":"Architecture#ROOT","CandidateID":"org.springframework.samples.petclinic.repository.jpa.JpaVetRepositoryImpl"};
{"AttractionValue":-1.0,"ChangeType":1,"ChosenAt":"2024-07-22T02:36:42.6810729Z","ClusterID":"Architecture#ROOT","CandidateID":"org.springframework.samples.petclinic.repository.jpa.JpaVetRepositoryImpl"};
{"AttractionValue":-1.0,"ChangeType":0,"ChosenAt":"2024-07-22T02:36:42.9724604Z","ClusterID":"Architecture#ROOT","CandidateID":"org.springframework.samples.petclinic.repository.jpa.JpaVetRepositoryImpl"};
{"AttractionValue":-1.0,"ChangeType":1,"ChosenAt":"2024-07-22T02:36:43.0001839Z","ClusterID":"Architecture#ROOT","CandidateID":"org.springframework.samples.petclinic.repository.jpa.JpaVetRepositoryImpl"};
{"AttractionValue":-1.0,"ChangeType":0,"ChosenAt":"2024-07-22T02:36:43.0001839Z","ClusterID":"Architecture#ROOT","CandidateID":"org.springframework.samples.petclinic.repository.jpa.JpaVetRepositoryImpl"};
{"AttractionValue":-1.0,"ChangeType":1,"ChosenAt":"2024-07-22T02:36:43.0273416Z","ClusterID":"Architecture#ROOT","CandidateID":"org.springframework.samples.petclinic.repository.jpa.JpaVetRepositoryImpl"};
{"AttractionValue":-1.0,"ChangeType":0,"ChosenAt":"2024-07-22T02:36:43.02836Z","ClusterID":"Architecture#ROOT","CandidateID":"org.springframework.samples.petclinic.repository.jpa.JpaVetRepositoryImpl"};
{"AttractionValue":-1.0,"ChangeType":1,"ChosenAt":"2024-07-22T02:36:43.0542542Z","ClusterID":"Architecture#ROOT","CandidateID":"org.springframework.samples.petclinic.repository.jpa.JpaVetRepositoryImpl"};
{"AttractionValue":-1.0,"ChangeType":0,"ChosenAt":"2024-07-22T02:36:43.0552577Z","ClusterID":"Architecture#ROOT","CandidateID":"org.springframework.samples.petclinic.repository.jpa.JpaVetRepositoryImpl"};
{"AttractionValue":-1.0,"ChangeType":1,"ChosenAt":"2024-07-22T02:36:43.0810736Z","ClusterID":"Architecture#ROOT","CandidateID":"org.springframework.samples.petclinic.repository.jpa.JpaVetRepositoryImpl"};
{"AttractionValue":-1.0,"ChangeType":0,"ChosenAt":"2024-07-22T02:36:43.082104Z","ClusterID":"Architecture#ROOT","CandidateID":"org.springframework.samples.petclinic.repository.jpa.JpaVetRepositoryImpl"};
{"AttractionValue":-1.0,"ChangeType":1,"ChosenAt":"2024-07-22T02:36:43.1093988Z","ClusterID":"Architecture#ROOT","CandidateID":"org.springframework.samples.petclinic.repository.jpa.JpaVetRepositoryImpl"};
{"AttractionValue":-1.0,"ChangeType":0,"ChosenAt":"2024-07-22T02:36:43.1100354Z","ClusterID":"Architecture#ROOT","CandidateID":"org.springframework.samples.petclinic.repository.jpa.JpaVetRepositoryImpl"};
{"AttractionValue":-1.0,"ChangeType":1,"ChosenAt":"2024-07-22T02:36:43.1359149Z","ClusterID":"Architecture#ROOT","CandidateID":"org.springframework.samples.petclinic.repository.jpa.JpaVetRepositoryImpl"};
{"AttractionValue":-1.0,"ChangeType":0,"ChosenAt":"2024-07-22T02:36:43.1369172Z","ClusterID":"util","CandidateID":"org.springframework.samples.petclinic.repository.jpa.JpaVetRepositoryImpl"};
{"AttractionValue":-1.0,"ChangeType":1,"ChosenAt":"2024-07-22T02:36:43.1557012Z","ClusterID":"util","CandidateID":"org.springframework.samples.petclinic.repository.jpa.JpaVetRepositoryImpl"};
{"AttractionValue":-1.0,"ChangeType":0,"ChosenAt":"2024-07-22T02:36:43.1567003Z","ClusterID":"util","CandidateID":"org.springframework.samples.petclinic.repository.jpa.JpaVetRepositoryImpl"};
{"AttractionValue":-1.0,"ChangeType":1,"ChosenAt":"2024-07-22T02:36:43.1758141Z","ClusterID":"util","CandidateID":"org.springframework.samples.petclinic.repository.jpa.JpaVetRepositoryImpl"};
{"AttractionValue":-1.0,"ChangeType":0,"ChosenAt":"2024-07-22T02:36:43.176804Z","ClusterID":"util","CandidateID":"org.springframework.samples.petclinic.repository.jpa.JpaVetRepositoryImpl"};
{"AttractionValue":-1.0,"ChangeType":1,"ChosenAt":"2024-07-22T02:36:43.1949656Z","ClusterID":"util","CandidateID":"org.springframework.samples.petclinic.repository.jpa.JpaVetRepositoryImpl"};
{"AttractionValue":-1.0,"ChangeType":0,"ChosenAt":"2024-07-22T02:36:43.1959029Z","ClusterID":"util","CandidateID":"org.springframework.samples.petclinic.repository.jpa.JpaVetRepositoryImpl"};
{"AttractionValue":-1.0,"ChangeType":1,"ChosenAt":"2024-07-22T02:36:43.2143447Z","ClusterID":"util","CandidateID":"org.springframework.samples.petclinic.repository.jpa.JpaVetRepositoryImpl"};
{"AttractionValue":-1.0,"ChangeType":0,"ChosenAt":"2024-07-22T02:36:43.2153774Z","ClusterID":"util","CandidateID":"org.springframework.samples.petclinic.repository.jpa.JpaVetRepositoryImpl"};
{"AttractionValue":-1.0,"ChangeType":1,"ChosenAt":"2024-07-22T02:36:43.2333724Z","ClusterID":"util","CandidateID":"org.springframework.samples.petclinic.repository.jpa.JpaVetRepositoryImpl"};
{"AttractionValue":-1.0,"ChangeType":0,"ChosenAt":"2024-07-22T02:36:43.2333724Z","ClusterID":"util","CandidateID":"org.springframework.samples.petclinic.repository.jpa.JpaVetRepositoryImpl"};
{"AttractionValue":-1.0,"ChangeType":1,"ChosenAt":"2024-07-22T02:36:43.3530274Z","ClusterID":"util","CandidateID":"org.springframework.samples.petclinic.repository.jpa.JpaVetRepositoryImpl"};
{"AttractionValue":-1.0,"ChangeType":0,"ChosenAt":"2024-07-22T02:36:43.3530274Z","ClusterID":"util","CandidateID":"org.springframework.samples.petclinic.repository.jpa.JpaVetRepositoryImpl"};
{"AttractionValue":-1.0,"ChangeType":1,"ChosenAt":"2024-07-22T02:36:43.3731675Z","ClusterID":"util","CandidateID":"org.springframework.samples.petclinic.repository.jpa.JpaVetRepositoryImpl"};
{"AttractionValue":-1.0,"ChangeType":0,"ChosenAt":"2024-07-22T02:36:43.3741535Z","ClusterID":"util","CandidateID":"org.springframework.samples.petclinic.repository.jpa.JpaVetRepositoryImpl"};
{"AttractionValue":-1.0,"ChangeType":1,"ChosenAt":"2024-07-22T02:36:43.3954519Z","ClusterID":"util","CandidateID":"org.springframework.samples.petclinic.repository.jpa.JpaVetRepositoryImpl"};
{"AttractionValue":-1.0,"ChangeType":0,"ChosenAt":"2024-07-22T02:36:43.3964536Z","ClusterID":"util","CandidateID":"org.springframework.samples.petclinic.repository.jpa.JpaVetRepositoryImpl"};
{"AttractionValue":-1.0,"ChangeType":1,"ChosenAt":"2024-07-22T02:36:43.4136209Z","ClusterID":"util","CandidateID":"org.springframework.samples.petclinic.repository.jpa.JpaVetRepositoryImpl"};
{"AttractionValue":-1.0,"ChangeType":0,"ChosenAt":"2024-07-22T02:36:43.414738Z","ClusterID":"util","CandidateID":"org.springframework.samples.petclinic.repository.jpa.JpaVetRepositoryImpl"};
{"AttractionValue":-1.0,"ChangeType":1,"ChosenAt":"2024-07-22T02:36:43.4324762Z","ClusterID":"util","CandidateID":"org.springframework.samples.petclinic.repository.jpa.JpaVetRepositoryImpl"};
{"AttractionValue":-1.0,"ChangeType":0,"ChosenAt":"2024-07-22T02:36:43.4324762Z","ClusterID":"util","CandidateID":"org.springframework.samples.petclinic.repository.jpa.JpaVetRepositoryImpl"};
{"AttractionValue":-1.0,"ChangeType":1,"ChosenAt":"2024-07-22T02:36:43.4497297Z","ClusterID":"util","CandidateID":"org.springframework.samples.petclinic.repository.jpa.JpaVetRepositoryImpl"};
{"AttractionValue":-1.0,"ChangeType":0,"ChosenAt":"2024-07-22T02:36:43.4518362Z","ClusterID":"util","CandidateID":"org.springframework.samples.petclinic.repository.jpa.JpaVetRepositoryImpl"};
{"AttractionValue":-1.0,"ChangeType":1,"ChosenAt":"2024-07-22T02:36:43.4691156Z","ClusterID":"util","CandidateID":"org.springframework.samples.petclinic.repository.jpa.JpaVetRepositoryImpl"};
{"AttractionValue":-1.0,"ChangeType":0,"ChosenAt":"2024-07-22T02:36:43.4701194Z","ClusterID":"util","CandidateID":"org.springframework.samples.petclinic.repository.jpa.JpaVetRepositoryImpl"};
{"AttractionValue":-1.0,"ChangeType":1,"ChosenAt":"2024-07-22T02:36:43.4877657Z","ClusterID":"util","CandidateID":"org.springframework.samples.petclinic.repository.jpa.JpaVetRepositoryImpl"};
{"AttractionValue":-1.0,"ChangeType":0,"ChosenAt":"2024-07-22T02:36:43.4877657Z","ClusterID":"util","CandidateID":"org.springframework.samples.petclinic.repository.jpa.JpaVetRepositoryImpl"};
{"AttractionValue":-1.0,"ChangeType":1,"ChosenAt":"2024-07-22T02:36:43.5062757Z","ClusterID":"util","CandidateID":"org.springframework.samples.petclinic.repository.jpa.JpaVetRepositoryImpl"};
{"AttractionValue":-1.0,"ChangeType":0,"ChosenAt":"2024-07-22T02:36:43.5078596Z","ClusterID":"util","CandidateID":"org.springframework.samples.petclinic.repository.jpa.JpaVetRepositoryImpl"};
{"AttractionValue":-1.0,"ChangeType":1,"ChosenAt":"2024-07-22T02:36:43.5264834Z","ClusterID":"util","CandidateID":"org.springframework.samples.petclinic.repository.jpa.JpaVetRepositoryImpl"};
{"AttractionValue":-1.0,"ChangeType":0,"ChosenAt":"2024-07-22T02:36:43.5270026Z","ClusterID":"util","CandidateID":"org.springframework.samples.petclinic.repository.jpa.JpaVetRepositoryImpl"};
{"AttractionValue":-1.0,"ChangeType":1,"ChosenAt":"2024-07-22T02:36:43.5441567Z","ClusterID":"util","CandidateID":"org.springframework.samples.petclinic.repository.jpa.JpaVetRepositoryImpl"};
{"AttractionValue":-1.0,"ChangeType":0,"ChosenAt":"2024-07-22T02:36:43.5448195Z","ClusterID":"util","CandidateID":"org.springframework.samples.petclinic.repository.jpa.JpaVetRepositoryImpl"};
{"AttractionValue":-1.0,"ChangeType":0,"ChosenAt":"2024-07-22T02:36:45.2457542Z","ClusterID":"Architecture#ROOT","CandidateID":"org.springframework.samples.petclinic.repository.VetRepository"};
{"AttractionValue":-1.0,"ChangeType":1,"ChosenAt":"2024-07-22T02:36:45.284337Z","ClusterID":"Architecture#ROOT","CandidateID":"org.springframework.samples.petclinic.repository.VetRepository"};
{"AttractionValue":-1.0,"ChangeType":0,"ChosenAt":"2024-07-22T02:36:45.3532765Z","ClusterID":"util","CandidateID":"org.springframework.samples.petclinic.repository.VetRepository"};
{"AttractionValue":-1.0,"ChangeType":1,"ChosenAt":"2024-07-22T02:36:45.3866303Z","ClusterID":"util","CandidateID":"org.springframework.samples.petclinic.repository.VetRepository"};
{"AttractionValue":-1.0,"ChangeType":0,"ChosenAt":"2024-07-22T02:36:45.3876385Z","ClusterID":"util","CandidateID":"org.springframework.samples.petclinic.repository.VetRepository"};
{"AttractionValue":-1.0,"ChangeType":1,"ChosenAt":"2024-07-22T02:36:45.4196513Z","ClusterID":"util","CandidateID":"org.springframework.samples.petclinic.repository.VetRepository"};
{"AttractionValue":-1.0,"ChangeType":0,"ChosenAt":"2024-07-22T02:36:45.420645Z","ClusterID":"util","CandidateID":"org.springframework.samples.petclinic.repository.VetRepository"};
{"AttractionValue":-1.0,"ChangeType":1,"ChosenAt":"2024-07-22T02:36:45.4540036Z","ClusterID":"util","CandidateID":"org.springframework.samples.petclinic.repository.VetRepository"};
{"AttractionValue":-1.0,"ChangeType":0,"ChosenAt":"2024-07-22T02:36:45.4550015Z","ClusterID":"util","CandidateID":"org.springframework.samples.petclinic.repository.VetRepository"};
{"AttractionValue":-1.0,"ChangeType":1,"ChosenAt":"2024-07-22T02:36:45.4865314Z","ClusterID":"util","CandidateID":"org.springframework.samples.petclinic.repository.VetRepository"};
{"AttractionValue":-1.0,"ChangeType":0,"ChosenAt":"2024-07-22T02:36:45.5863947Z","ClusterID":"util","CandidateID":"org.springframework.samples.petclinic.repository.VetRepository"};
{"AttractionValue":-1.0,"ChangeType":1,"ChosenAt":"2024-07-22T02:36:45.6201077Z","ClusterID":"util","CandidateID":"org.springframework.samples.petclinic.repository.VetRepository"};
{"AttractionValue":-1.0,"ChangeType":0,"ChosenAt":"2024-07-22T02:36:45.6211217Z","ClusterID":"util","CandidateID":"org.springframework.samples.petclinic.repository.VetRepository"};
{"AttractionValue":-1.0,"ChangeType":1,"ChosenAt":"2024-07-22T02:36:45.6556245Z","ClusterID":"util","CandidateID":"org.springframework.samples.petclinic.repository.VetRepository"};
{"AttractionValue":-1.0,"ChangeType":0,"ChosenAt":"2024-07-22T02:36:45.6566103Z","ClusterID":"util","CandidateID":"org.springframework.samples.petclinic.repository.VetRepository"};
{"AttractionValue":-1.0,"ChangeType":1,"ChosenAt":"2024-07-22T02:36:45.6909314Z","ClusterID":"util","CandidateID":"org.springframework.samples.petclinic.repository.VetRepository"};
{"AttractionValue":-1.0,"ChangeType":0,"ChosenAt":"2024-07-22T02:36:45.6929639Z","ClusterID":"util","CandidateID":"org.springframework.samples.petclinic.repository.VetRepository"};
{"AttractionValue":-1.0,"ChangeType":1,"ChosenAt":"2024-07-22T02:36:45.7244334Z","ClusterID":"util","CandidateID":"org.springframework.samples.petclinic.repository.VetRepository"};
{"AttractionValue":-1.0,"ChangeType":0,"ChosenAt":"2024-07-22T02:36:45.7254356Z","ClusterID":"util","CandidateID":"org.springframework.samples.petclinic.repository.VetRepository"};
{"AttractionValue":-1.0,"ChangeType":1,"ChosenAt":"2024-07-22T02:36:45.7597261Z","ClusterID":"util","CandidateID":"org.springframework.samples.petclinic.repository.VetRepository"};
{"AttractionValue":-1.0,"ChangeType":0,"ChosenAt":"2024-07-22T02:36:45.7607326Z","ClusterID":"util","CandidateID":"org.springframework.samples.petclinic.repository.VetRepository"};
{"AttractionValue":0.0,"ChangeType":0,"ChosenAt":"2024-07-22T02:36:47.3847359Z","ClusterID":"util","CandidateID":"org.springframework.samples.petclinic.repository.OwnerRepository"};
{"AttractionValue":-1.0,"ChangeType":1,"ChosenAt":"2024-07-22T02:36:47.4351111Z","ClusterID":"util","CandidateID":"org.springframework.samples.petclinic.repository.OwnerRepository"};
{"AttractionValue":-1.0,"ChangeType":0,"ChosenAt":"2024-07-22T02:36:47.4351111Z","ClusterID":"util","CandidateID":"org.springframework.samples.petclinic.repository.OwnerRepository"};
{"AttractionValue":-1.0,"ChangeType":1,"ChosenAt":"2024-07-22T02:36:47.4858861Z","ClusterID":"util","CandidateID":"org.springframework.samples.petclinic.repository.OwnerRepository"};
{"AttractionValue":-1.0,"ChangeType":0,"ChosenAt":"2024-07-22T02:36:47.4868995Z","ClusterID":"util","CandidateID":"org.springframework.samples.petclinic.repository.OwnerRepository"};
{"AttractionValue":-1.0,"ChangeType":1,"ChosenAt":"2024-07-22T02:36:47.6385287Z","ClusterID":"util","CandidateID":"org.springframework.samples.petclinic.repository.OwnerRepository"};
{"AttractionValue":-1.0,"ChangeType":0,"ChosenAt":"2024-07-22T02:36:47.6395398Z","ClusterID":"util","CandidateID":"org.springframework.samples.petclinic.repository.OwnerRepository"};
{"AttractionValue":-1.0,"ChangeType":1,"ChosenAt":"2024-07-22T02:36:47.6900899Z","ClusterID":"util","CandidateID":"org.springframework.samples.petclinic.repository.OwnerRepository"};
{"AttractionValue":-1.0,"ChangeType":0,"ChosenAt":"2024-07-22T02:36:47.6916036Z","ClusterID":"util","CandidateID":"org.springframework.samples.petclinic.repository.OwnerRepository"};
{"AttractionValue":-1.0,"ChangeType":1,"ChosenAt":"2024-07-22T02:36:47.7613828Z","ClusterID":"util","CandidateID":"org.springframework.samples.petclinic.repository.OwnerRepository"};
{"AttractionValue":-1.0,"ChangeType":0,"ChosenAt":"2024-07-22T02:36:47.7624042Z","ClusterID":"util","CandidateID":"org.springframework.samples.petclinic.repository.OwnerRepository"};
{"AttractionValue":-1.0,"ChangeType":1,"ChosenAt":"2024-07-22T02:36:47.8179955Z","ClusterID":"util","CandidateID":"org.springframework.samples.petclinic.repository.OwnerRepository"};
{"AttractionValue":-1.0,"ChangeType":0,"ChosenAt":"2024-07-22T02:36:47.8200005Z","ClusterID":"util","CandidateID":"org.springframework.samples.petclinic.repository.OwnerRepository"};
{"AttractionValue":-1.0,"ChangeType":1,"ChosenAt":"2024-07-22T02:36:47.8692604Z","ClusterID":"util","CandidateID":"org.springframework.samples.petclinic.repository.OwnerRepository"};
{"AttractionValue":-1.0,"ChangeType":0,"ChosenAt":"2024-07-22T02:36:47.8717788Z","ClusterID":"util","CandidateID":"org.springframework.samples.petclinic.repository.OwnerRepository"};
{"AttractionValue":-1.0,"ChangeType":1,"ChosenAt":"2024-07-22T02:36:47.9227326Z","ClusterID":"util","CandidateID":"org.springframework.samples.petclinic.repository.OwnerRepository"};
{"AttractionValue":-1.0,"ChangeType":0,"ChosenAt":"2024-07-22T02:36:47.9243228Z","ClusterID":"util","CandidateID":"org.springframework.samples.petclinic.repository.OwnerRepository"};
{"AttractionValue":-1.0,"ChangeType":1,"ChosenAt":"2024-07-22T02:36:48.0774531Z","ClusterID":"util","CandidateID":"org.springframework.samples.petclinic.repository.OwnerRepository"};
{"AttractionValue":-1.0,"ChangeType":0,"ChosenAt":"2024-07-22T02:36:48.0784742Z","ClusterID":"util","CandidateID":"org.springframework.samples.petclinic.repository.OwnerRepository"};
{"AttractionValue":-1.0,"ChangeType":1,"ChosenAt":"2024-07-22T02:36:48.131353Z","ClusterID":"util","CandidateID":"org.springframework.samples.petclinic.repository.OwnerRepository"};
{"AttractionValue":-1.0,"ChangeType":0,"ChosenAt":"2024-07-22T02:36:48.1323652Z","ClusterID":"util","CandidateID":"org.springframework.samples.petclinic.repository.OwnerRepository"};
{"AttractionValue":-1.0,"ChangeType":1,"ChosenAt":"2024-07-22T02:36:48.1837904Z","ClusterID":"util","CandidateID":"org.springframework.samples.petclinic.repository.OwnerRepository"};
{"AttractionValue":-1.0,"ChangeType":0,"ChosenAt":"2024-07-22T02:36:48.1837904Z","ClusterID":"util","CandidateID":"org.springframework.samples.petclinic.repository.OwnerRepository"};
{"AttractionValue":-1.0,"ChangeType":1,"ChosenAt":"2024-07-22T02:36:48.2341302Z","ClusterID":"util","CandidateID":"org.springframework.samples.petclinic.repository.OwnerRepository"};
{"AttractionValue":-1.0,"ChangeType":0,"ChosenAt":"2024-07-22T02:36:48.2356958Z","ClusterID":"util","CandidateID":"org.springframework.samples.petclinic.repository.OwnerRepository"};
{"AttractionValue":-1.0,"ChangeType":1,"ChosenAt":"2024-07-22T02:36:48.2790508Z","ClusterID":"util","CandidateID":"org.springframework.samples.petclinic.repository.OwnerRepository"};
{"AttractionValue":-1.0,"ChangeType":0,"ChosenAt":"2024-07-22T02:36:48.2790508Z","ClusterID":"util","CandidateID":"org.springframework.samples.petclinic.repository.OwnerRepository"};
{"AttractionValue":-1.0,"ChangeType":1,"ChosenAt":"2024-07-22T02:36:48.4262981Z","ClusterID":"util","CandidateID":"org.springframework.samples.petclinic.repository.OwnerRepository"};
{"AttractionValue":-1.0,"ChangeType":0,"ChosenAt":"2024-07-22T02:36:48.4273147Z","ClusterID":"util","CandidateID":"org.springframework.samples.petclinic.repository.OwnerRepository"};
{"AttractionValue":-1.0,"ChangeType":1,"ChosenAt":"2024-07-22T02:36:48.4711182Z","ClusterID":"util","CandidateID":"org.springframework.samples.petclinic.repository.OwnerRepository"};
{"AttractionValue":-1.0,"ChangeType":0,"ChosenAt":"2024-07-22T02:36:48.4721002Z","ClusterID":"util","CandidateID":"org.springframework.samples.petclinic.repository.OwnerRepository"};
{"AttractionValue":-1.0,"ChangeType":1,"ChosenAt":"2024-07-22T02:36:48.5171354Z","ClusterID":"util","CandidateID":"org.springframework.samples.petclinic.repository.OwnerRepository"};
{"AttractionValue":-1.0,"ChangeType":0,"ChosenAt":"2024-07-22T02:36:48.5186455Z","ClusterID":"util","CandidateID":"org.springframework.samples.petclinic.repository.OwnerRepository"};
{"AttractionValue":-1.0,"ChangeType":1,"ChosenAt":"2024-07-22T02:36:48.5624922Z","ClusterID":"util","CandidateID":"org.springframework.samples.petclinic.repository.OwnerRepository"};
{"AttractionValue":-1.0,"ChangeType":0,"ChosenAt":"2024-07-22T02:36:48.5639976Z","ClusterID":"util","CandidateID":"org.springframework.samples.petclinic.repository.OwnerRepository"};
{"AttractionValue":-1.0,"ChangeType":1,"ChosenAt":"2024-07-22T02:36:48.6080357Z","ClusterID":"util","CandidateID":"org.springframework.samples.petclinic.repository.OwnerRepository"};
{"AttractionValue":-1.0,"ChangeType":0,"ChosenAt":"2024-07-22T02:36:48.6089792Z","ClusterID":"util","CandidateID":"org.springframework.samples.petclinic.repository.OwnerRepository"};
{"AttractionValue":-1.0,"ChangeType":1,"ChosenAt":"2024-07-22T02:36:48.6529343Z","ClusterID":"util","CandidateID":"org.springframework.samples.petclinic.repository.OwnerRepository"};
{"AttractionValue":-1.0,"ChangeType":0,"ChosenAt":"2024-07-22T02:36:48.653934Z","ClusterID":"util","CandidateID":"org.springframework.samples.petclinic.repository.OwnerRepository"};
{"AttractionValue":-1.0,"ChangeType":1,"ChosenAt":"2024-07-22T02:36:48.6965661Z","ClusterID":"util","CandidateID":"org.springframework.samples.petclinic.repository.OwnerRepository"};
{"AttractionValue":-1.0,"ChangeType":0,"ChosenAt":"2024-07-22T02:36:48.6975449Z","ClusterID":"util","CandidateID":"org.springframework.samples.petclinic.repository.OwnerRepository"};
